<?xml version="1.0"?>
<npcs>
	<npc centerx="33957" centery="31513" centerz="0" radius="1">
		<npc name="Tanyt" x="0" y="0" z="0" spawntime="60" />
	</npc>
	<npc centerx="33805" centery="32768" centerz="2" radius="1">
		<npc name="Ziyad" x="0" y="0" z="2" spawntime="60" />
	</npc>
	<npc centerx="33872" centery="31487" centerz="3" radius="1">
		<npc name="Ambassador Of Rathleton" x="0" y="0" z="3" spawntime="60" />
	</npc>
	<npc centerx="33868" centery="31497" centerz="3" radius="1">
		<npc name="The Empress" x="0" y="0" z="3" spawntime="60" />
	</npc>
	<npc centerx="33874" centery="31487" centerz="4" radius="1">
		<npc name="Tamed Lion" x="0" y="0" z="4" spawntime="60" />
	</npc>
	<npc centerx="33868" centery="31498" centerz="4" radius="1">
		<npc name="Guard Inurta" x="0" y="0" z="4" spawntime="60" />
	</npc>
	<npc centerx="32047" centery="32108" centerz="4" radius="1">
		<npc name="Blind Orc" x="0" y="0" z="4" spawntime="60" />
	</npc>
	<npc centerx="32082" centery="32150" centerz="4" radius="1">
		<npc name="Hyacinth" x="0" y="0" z="4" spawntime="60" />
	</npc>
	<npc centerx="33819" centery="32768" centerz="4" radius="1">
		<npc name="Giri" x="0" y="0" z="4" spawntime="60" />
	</npc>
	<npc centerx="33811" centery="32771" centerz="4" radius="1">
		<npc name="Haani" x="0" y="0" z="4" spawntime="60" />
	</npc>
	<npc centerx="33822" centery="32773" centerz="4" radius="1">
		<npc name="Sundara" x="0" y="0" z="4" spawntime="60" />
	</npc>
	<npc centerx="33924" centery="31476" centerz="5" radius="1">
		<npc name="Iptar-Sin" x="0" y="0" z="5" spawntime="60" />
	</npc>
	<npc centerx="33935" centery="31484" centerz="5" radius="1">
		<npc name="Kallimae" x="0" y="0" z="5" spawntime="60" />
	</npc>
	<npc centerx="33873" centery="31494" centerz="5" radius="1">
		<npc name="The Librarian" x="0" y="0" z="5" spawntime="60" />
	</npc>
	<npc centerx="33909" centery="31495" centerz="5" radius="1">
		<npc name="Moe" x="0" y="0" z="5" spawntime="60" />
	</npc>
	<npc centerx="33839" centery="31693" centerz="5" radius="1">
		<npc name="Tefrit" x="0" y="0" z="5" spawntime="60" />
	</npc>
	<npc centerx="32052" centery="32164" centerz="5" radius="1">
		<npc name="Seymour" x="0" y="0" z="5" spawntime="60" />
	</npc>
	<npc centerx="32045" centery="32170" centerz="5" radius="1">
		<npc name="Vascalir" x="0" y="0" z="5" spawntime="60" />
	</npc>
	<npc centerx="32051" centery="32186" centerz="5" radius="1">
		<npc name="Dixi" x="0" y="0" z="5" spawntime="60" />
	</npc>
	<npc centerx="33794" centery="32756" centerz="5" radius="1">
		<npc name="Sessek" x="0" y="0" z="5" spawntime="60" />
	</npc>
	<npc centerx="33800" centery="32756" centerz="5" radius="1">
		<npc name="Amra" x="0" y="0" z="5" spawntime="60" />
	</npc>
	<npc centerx="33741" centery="32769" centerz="5" radius="1">
		<npc name="Sessek" x="0" y="0" z="5" spawntime="60" />
	</npc>
	<npc centerx="33902" centery="31462" centerz="6" radius="1">
		<npc name="Captain Harava" x="0" y="0" z="6" spawntime="60" />
	</npc>
	<npc centerx="33913" centery="31497" centerz="6" radius="1">
		<npc name="Eshaya" x="0" y="0" z="6" spawntime="60" />
	</npc>
	<npc centerx="32097" centery="31964" centerz="6" radius="1">
		<npc name="Captain Kurt" x="0" y="0" z="6" spawntime="60" />
	</npc>
	<npc centerx="32035" centery="32156" centerz="6" radius="1">
		<npc name="Dallheim" x="0" y="0" z="6" spawntime="60" />
	</npc>
	<npc centerx="32052" centery="32163" centerz="6" radius="1">
		<npc name="Paulie" x="0" y="0" z="6" spawntime="60" />
	</npc>
	<npc centerx="32053" centery="32181" centerz="6" radius="1">
		<npc name="Obi" x="0" y="0" z="6" spawntime="60" />
	</npc>
	<npc centerx="31967" centery="32182" centerz="6" radius="1">
		<npc name="Zerbrus" x="0" y="0" z="6" spawntime="60" />
	</npc>
	<npc centerx="32042" centery="32198" centerz="6" radius="1">
		<npc name="Cipfried" x="0" y="0" z="6" spawntime="60" />
	</npc>
	<npc centerx="31987" centery="32255" centerz="6" radius="1">
		<npc name="Santiago" x="0" y="0" z="6" spawntime="60" />
	</npc>
	<npc centerx="33778" centery="32837" centerz="6" radius="1">
		<npc name="Nipuna" x="0" y="0" z="6" spawntime="60" />
	</npc>
	<npc centerx="33773" centery="32840" centerz="6" radius="1">
		<npc name="Isika" x="0" y="0" z="6" spawntime="60" />
	</npc>
	<npc centerx="33777" centery="32844" centerz="6" radius="1">
		<npc name="Asphota" x="0" y="0" z="6" spawntime="60" />
	</npc>
	<npc centerx="33469" centery="31027" centerz="7" radius="1">
		<npc name="Lora" x="0" y="0" z="7" spawntime="60" />
	</npc>
	<npc centerx="33489" centery="31036" centerz="7" radius="1">
		<npc name="Vigintius" x="0" y="0" z="7" spawntime="60" />
	</npc>
	<npc centerx="33494" centery="31057" centerz="7" radius="1">
		<npc name="Kendra" x="0" y="0" z="7" spawntime="60" />
	</npc>
	<npc centerx="33941" centery="31465" centerz="7" radius="1">
		<npc name="Alyxo" x="0" y="0" z="7" spawntime="60" />
	</npc>
	<npc centerx="33891" centery="31474" centerz="7" radius="1">
		<npc name="Guide Meruka" x="0" y="0" z="7" spawntime="60" />
	</npc>
	<npc centerx="33919" centery="31492" centerz="7" radius="1">
		<npc name="Guard Saros" x="0" y="0" z="7" spawntime="60" />
	</npc>
	<npc centerx="33866" centery="31494" centerz="7" radius="1">
		<npc name="Guard Senet" x="0" y="0" z="7" spawntime="60" />
	</npc>
	<npc centerx="33903" centery="31495" centerz="7" radius="1">
		<npc name="Ramina" x="0" y="0" z="7" spawntime="60" />
	</npc>
	<npc centerx="33904" centery="31498" centerz="7" radius="1">
		<npc name="Ninos" x="0" y="0" z="7" spawntime="60" />
	</npc>
	<npc centerx="33916" centery="31506" centerz="7" radius="1">
		<npc name="Khanna" x="0" y="0" z="7" spawntime="60" />
	</npc>
	<npc centerx="33948" centery="31506" centerz="7" radius="1">
		<npc name="Atur" x="0" y="0" z="7" spawntime="60" />
	</npc>
	<npc centerx="33922" centery="31513" centerz="7" radius="1">
		<npc name="Yonan" x="0" y="0" z="7" spawntime="60" />
	</npc>
	<npc centerx="33910" centery="31514" centerz="7" radius="1">
		<npc name="Faloriel" x="0" y="0" z="7" spawntime="60" />
	</npc>
	<npc centerx="33904" centery="31518" centerz="7" radius="1">
		<npc name="Inkaef" x="0" y="0" z="7" spawntime="60" />
	</npc>
	<npc centerx="33915" centery="31519" centerz="7" radius="1">
		<npc name="Eliyas" x="0" y="0" z="7" spawntime="60" />
	</npc>
	<npc centerx="33937" centery="31527" centerz="7" radius="1">
		<npc name="Guard Bazaya" x="0" y="0" z="7" spawntime="60" />
	</npc>
	<npc centerx="33871" centery="31528" centerz="7" radius="1">
		<npc name="Ninev" x="0" y="0" z="7" spawntime="60" />
	</npc>
	<npc centerx="33913" centery="31530" centerz="7" radius="1">
		<npc name="Narsai" x="0" y="0" z="7" spawntime="60" />
	</npc>
	<npc centerx="33844" centery="31638" centerz="7" radius="1">
		<npc name="Saideh" x="0" y="0" z="7" spawntime="60" />
	</npc>
	<npc centerx="32040" centery="32158" centerz="7" radius="1">
		<npc name="Norma" x="0" y="0" z="7" spawntime="60" />
	</npc>
	<npc centerx="32008" centery="32159" centerz="7" radius="1">
		<npc name="Al Dee" x="0" y="0" z="7" spawntime="60" />
	</npc>
	<npc centerx="32051" centery="32165" centerz="7" radius="1">
		<npc name="Amber" x="0" y="0" z="7" spawntime="60" />
	</npc>
	<npc centerx="31970" centery="32172" centerz="7" radius="1">
		<npc name="Lee'Delle" x="0" y="0" z="7" spawntime="60" />
	</npc>
	<npc centerx="31960" centery="32175" centerz="7" radius="1">
		<npc name="Loui" x="0" y="0" z="7" spawntime="60" />
	</npc>
	<npc centerx="31996" centery="32183" centerz="7" radius="1">
		<npc name="Billy" x="0" y="0" z="7" spawntime="60" />
	</npc>
	<npc centerx="32030" centery="32183" centerz="7" radius="1">
		<npc name="Tom" x="0" y="0" z="7" spawntime="60" />
	</npc>
	<npc centerx="32006" centery="32184" centerz="7" radius="1">
		<npc name="Willie" x="0" y="0" z="7" spawntime="60" />
	</npc>
	<npc centerx="32013" centery="32204" centerz="7" radius="1">
		<npc name="Lily" x="0" y="0" z="7" spawntime="60" />
	</npc>
	<npc centerx="32033" centery="32243" centerz="7" radius="1">
		<npc name="Zirella" x="0" y="0" z="7" spawntime="60" />
	</npc>
</npcs>
